{
  "generator-jhipster": {
    "jhipsterVersion": "3.12.2",
    "baseName": "EW2019Eventos",
    "packageName": "ewbettinghouse",
    "packageFolder": "ewbettinghouse",
    "serverPort": "8081",
    "authenticationType": "jwt",
    "hibernateCache": "no",
    "clusteredHttpSession": false,
    "websocket": false,
    "databaseType": "sql",
    "devDatabaseType": "mysql",
    "prodDatabaseType": "mysql",
    "searchEngine": false,
    "messageBroker": false,
    "serviceDiscoveryType": "eureka",
    "buildTool": "maven",
    "enableSocialSignIn": false,
    "jwtSecretKey": "218e5bd781a906ac0b488b10cfa009dc09c29e5b",
    "enableTranslation": true,
    "applicationType": "microservice",
    "testFrameworks": [
      "gatling"
    ],
    "jhiPrefix": "jhi",
    "skipClient": true,
    "skipUserManagement": true,
    "nativeLanguage": "en",
    "languages": [
      "en",
      "pt-pt"
    ]
  }
}