{
  "generator-jhipster": {
    "jhipsterVersion": "3.12.2",
    "baseName": "Apostas",
    "packageName": "ewweb",
    "packageFolder": "ewweb",
    "serverPort": "8083",
    "authenticationType": "jwt",
    "hibernateCache": "no",
    "clusteredHttpSession": false,
    "websocket": false,
    "databaseType": "sql",
    "devDatabaseType": "mysql",
    "prodDatabaseType": "mysql",
    "searchEngine": "elasticsearch",
    "messageBroker": false,
    "serviceDiscoveryType": "eureka",
    "buildTool": "maven",
    "enableSocialSignIn": false,
    "jwtSecretKey": "3242ffb02254345eb945c886631fdc8e06ec97b8",
    "enableTranslation": true,
    "applicationType": "microservice",
    "testFrameworks": [
      "gatling"
    ],
    "jhiPrefix": "jhi",
    "skipClient": true,
    "skipUserManagement": true,
    "nativeLanguage": "en",
    "languages": [
      "en",
      "pt-pt"
    ]
  }
}