<?xml version="1.0" encoding="utf-8"?>
<databaseChangeLog
    xmlns="http://www.liquibase.org/xml/ns/dbchangelog"
    xmlns:ext="http://www.liquibase.org/xml/ns/dbchangelog-ext"
    xmlns:xsi="http://www.w3.org/2001/XMLSchema-instance"
    xsi:schemaLocation="http://www.liquibase.org/xml/ns/dbchangelog http://www.liquibase.org/xml/ns/dbchangelog/dbchangelog-3.4.xsd
                        http://www.liquibase.org/xml/ns/dbchangelog-ext http://www.liquibase.org/xml/ns/dbchangelog/dbchangelog-ext.xsd">

    <property name="now" value="now()" dbms="mysql,h2"/>
    <property name="now" value="current_timestamp" dbms="postgresql"/>
    <property name="now" value="sysdate" dbms="oracle"/>
    <property name="now" value="GETDATE()" dbms="mssql"/>

    <property name="autoIncrement" value="true" dbms="mysql,h2,postgresql,oracle,mssql"/>

    <property name="floatType" value="float4" dbms="postgresql, h2"/>
    <property name="floatType" value="float" dbms="mysql, oracle, mssql"/>

    <!--
        Added the entity Evento.
    -->
    <changeSet id="20190515161910-1" author="jhipster">
        <createTable tableName="evento">
            <column name="id" type="bigint" autoIncrement="${autoIncrement}">
                <constraints primaryKey="true" nullable="false"/>
            </column>
            <column name="n_participante" type="integer">
                <constraints nullable="true" />
            </column>
            
            <column name="estado" type="varchar(255)">
                <constraints nullable="false" />
            </column>
            
            <column name="vencedor" type="varchar(255)">
                <constraints nullable="true" />
            </column>
            
            <column name="evento_equipa" type="bit">
                <constraints nullable="true" />
            </column>
            
            <column name="odd_empate" type="double">
                <constraints nullable="false" />
            </column>
            
            <column name="desporto" type="varchar(255)">
                <constraints nullable="true" />
            </column>
            
            <column name="publico" type="bit">
                <constraints nullable="false" />
            </column>
            
            <column name="hora_inicio" type="varchar(255)">
                <constraints nullable="false" />
            </column>
            
            <column name="hora_fim" type="varchar(255)">
                <constraints nullable="false" />
            </column>
            
            <!-- jhipster-needle-liquibase-add-column - JHipster will add columns here, do not remove-->
        </createTable>
        
    </changeSet>
</databaseChangeLog>
