<?xml version="1.0" encoding="UTF-8"?>

<DBError statementIndex="1">
  <ErrorMessage>com.mysql.jdbc.exceptions.jdbc4.MySQLSyntaxErrorException: Duplicate column name 'group_oid'</ErrorMessage>
  <Comment> User_DefaultGroup [User2DefaultGroup_DefaultGroup2User]</Comment>
  <Statement>   alter table `user`  add column  `group_oid`  integer</Statement>
  <ErrorMessage>com.mysql.jdbc.exceptions.jdbc4.MySQLSyntaxErrorException: Duplicate column name 'group_oid'</ErrorMessage>
  <StackTrace>com.webratio.commons.db.DBException: com.mysql.jdbc.exceptions.jdbc4.MySQLSyntaxErrorException: Duplicate column name 'group_oid'
	at com.webratio.commons.db.utils.DBUtils.execute(DBUtils.java:546)
	at com.webratio.commons.db.utils.DBUtils.executeScriptFiles(DBUtils.java:442)
	at com.webratio.commons.db.utils.DBUtils.main(DBUtils.java:257)
Caused by: com.mysql.jdbc.exceptions.jdbc4.MySQLSyntaxErrorException: Duplicate column name 'group_oid'
	at sun.reflect.NativeConstructorAccessorImpl.newInstance0(Native Method)
	at sun.reflect.NativeConstructorAccessorImpl.newInstance(NativeConstructorAccessorImpl.java:57)
	at sun.reflect.DelegatingConstructorAccessorImpl.newInstance(DelegatingConstructorAccessorImpl.java:45)
	at java.lang.reflect.Constructor.newInstance(Constructor.java:526)
	at com.mysql.jdbc.Util.handleNewInstance(Util.java:408)
	at com.mysql.jdbc.Util.getInstance(Util.java:383)
	at com.mysql.jdbc.SQLError.createSQLException(SQLError.java:1062)
	at com.mysql.jdbc.MysqlIO.checkErrorPacket(MysqlIO.java:4226)
	at com.mysql.jdbc.MysqlIO.checkErrorPacket(MysqlIO.java:4158)
	at com.mysql.jdbc.MysqlIO.sendCommand(MysqlIO.java:2615)
	at com.mysql.jdbc.MysqlIO.sqlQueryDirect(MysqlIO.java:2776)
	at com.mysql.jdbc.ConnectionImpl.execSQL(ConnectionImpl.java:2834)
	at com.mysql.jdbc.ConnectionImpl.execSQL(ConnectionImpl.java:2783)
	at com.mysql.jdbc.StatementImpl.execute(StatementImpl.java:908)
	at com.mysql.jdbc.StatementImpl.execute(StatementImpl.java:788)
	at com.webratio.commons.db.utils.DBUtils.execute(DBUtils.java:523)
	... 2 more
</StackTrace></DBError>