{
    "fluentMethods": true,
    "relationships": [
        {
            "relationshipName": "participante",
            "otherEntityName": "participante",
            "relationshipType": "one-to-many",
            "otherEntityRelationshipName": "evento"
        }
    ],
    "fields": [
        {
            "fieldName": "n_participante",
            "fieldType": "Integer"
        },
        {
            "fieldName": "estado",
            "fieldType": "String",
            "fieldValidateRules": [
                "required"
            ]
        },
        {
            "fieldName": "vencedor",
            "fieldType": "String"
        },
        {
            "fieldName": "evento_equipa",
            "fieldType": "Boolean"
        },
        {
            "fieldName": "odd_empate",
            "fieldType": "Double",
            "fieldValidateRules": [
                "required"
            ]
        },
        {
            "fieldName": "desporto",
            "fieldType": "String"
        },
        {
            "fieldName": "publico",
            "fieldType": "Boolean",
            "fieldValidateRules": [
                "required"
            ]
        },
        {
            "fieldName": "horaInicio",
            "fieldType": "String",
            "fieldValidateRules": [
                "required"
            ]
        },
        {
            "fieldName": "horaFim",
            "fieldType": "String",
            "fieldValidateRules": [
                "required"
            ]
        }
    ],
    "changelogDate": "20190515161910",
    "dto": "mapstruct",
    "service": "serviceImpl",
    "entityTableName": "evento",
    "pagination": "pager",
    "microserviceName": "EW2019Eventos",
    "searchEngine": false
}
