{
    "fluentMethods": true,
    "relationships": [
        {
            "relationshipName": "evento",
            "otherEntityName": "evento",
            "relationshipType": "many-to-one",
            "otherEntityField": "id"
        }
    ],
    "fields": [
        {
            "fieldName": "nome",
            "fieldType": "String",
            "fieldValidateRules": [
                "required"
            ]
        },
        {
            "fieldName": "odd_vencer",
            "fieldType": "Double",
            "fieldValidateRules": [
                "required"
            ]
        },
        {
            "fieldName": "equipa",
            "fieldType": "String"
        },
        {
            "fieldName": "pais",
            "fieldType": "String"
        }
    ],
    "changelogDate": "20190515162033",
    "dto": "mapstruct",
    "service": "serviceImpl",
    "entityTableName": "participante",
    "pagination": "pager",
    "microserviceName": "EW2019Eventos",
    "searchEngine": false
}
