{
    "fluentMethods": true,
    "relationships": [],
    "fields": [
        {
            "fieldName": "estado",
            "fieldType": "String",
            "fieldValidateRules": [
                "required"
            ]
        },
        {
            "fieldName": "montante",
            "fieldType": "Float",
            "fieldValidateRules": [
                "required"
            ]
        },
        {
            "fieldName": "resultado",
            "fieldType": "Float"
        },
        {
            "fieldName": "utilizador",
            "fieldType": "Integer",
            "fieldValidateRules": [
                "required"
            ]
        },
        {
            "fieldName": "evento",
            "fieldType": "Integer",
            "fieldValidateRules": [
                "required"
            ]
        },
        {
            "fieldName": "participante",
            "fieldType": "Integer",
            "fieldValidateRules": [
                "required"
            ]
        }
    ],
    "changelogDate": "20190521182004",
    "dto": "mapstruct",
    "service": "serviceImpl",
    "entityTableName": "aposta",
    "pagination": "no",
    "microserviceName": "Apostas",
    "searchEngine": "elasticsearch"
}
