{
    "fluentMethods": true,
    "relationships": [
        {
            "relationshipName": "utilizador",
            "otherEntityName": "utilizador",
            "relationshipType": "many-to-many",
            "ownerSide": false,
            "otherEntityRelationshipName": "grupo"
        },
        {
            "relationshipName": "modulo",
            "otherEntityName": "modulo",
            "relationshipType": "many-to-many",
            "otherEntityField": "id",
            "ownerSide": true,
            "otherEntityRelationshipName": "grupo"
        }
    ],
    "fields": [
        {
            "fieldName": "groupname",
            "fieldType": "String",
            "fieldValidateRules": [
                "required"
            ]
        }
    ],
    "changelogDate": "20190521181224",
    "dto": "mapstruct",
    "service": "serviceImpl",
    "entityTableName": "grupo",
    "pagination": "no",
    "microserviceName": "Utilizadores",
    "searchEngine": false
}
