{
    "fluentMethods": true,
    "relationships": [
        {
            "relationshipName": "grupo",
            "otherEntityName": "grupo",
            "relationshipType": "many-to-many",
            "ownerSide": false,
            "otherEntityRelationshipName": "modulo"
        }
    ],
    "fields": [
        {
            "fieldName": "moduleid",
            "fieldType": "String",
            "fieldValidateRules": [
                "required"
            ]
        },
        {
            "fieldName": "modulename",
            "fieldType": "String",
            "fieldValidateRules": [
                "required"
            ]
        }
    ],
    "changelogDate": "20190521181412",
    "dto": "mapstruct",
    "service": "serviceImpl",
    "entityTableName": "modulo",
    "pagination": "no",
    "microserviceName": "Utilizadores",
    "searchEngine": false
}
