{
    "fluentMethods": true,
    "relationships": [
        {
            "relationshipName": "grupo",
            "otherEntityName": "grupo",
            "relationshipType": "many-to-many",
            "otherEntityField": "id",
            "ownerSide": true,
            "otherEntityRelationshipName": "utilizador"
        }
    ],
    "fields": [
        {
            "fieldName": "username",
            "fieldType": "String",
            "fieldValidateRules": [
                "required"
            ]
        },
        {
            "fieldName": "password",
            "fieldType": "String",
            "fieldValidateRules": [
                "required"
            ]
        },
        {
            "fieldName": "email",
            "fieldType": "String",
            "fieldValidateRules": [
                "required"
            ]
        },
        {
            "fieldName": "plafond",
            "fieldType": "Float"
        }
    ],
    "changelogDate": "20190521180440",
    "dto": "mapstruct",
    "service": "serviceImpl",
    "entityTableName": "utilizador",
    "pagination": "no",
    "microserviceName": "Utilizadores",
    "searchEngine": false
}
