{
  "generator-jhipster": {
    "jhipsterVersion": "3.12.2",
    "baseName": "Utilizadores",
    "packageName": "ewweb",
    "packageFolder": "ewweb",
    "serverPort": "8082",
    "authenticationType": "jwt",
    "hibernateCache": "no",
    "clusteredHttpSession": false,
    "websocket": false,
    "databaseType": "sql",
    "devDatabaseType": "mysql",
    "prodDatabaseType": "mysql",
    "searchEngine": false,
    "messageBroker": false,
    "serviceDiscoveryType": "eureka",
    "buildTool": "maven",
    "enableSocialSignIn": false,
    "jwtSecretKey": "dc1c38e52f6a177376ebe218bcc8ad66d8e45fd8",
    "enableTranslation": true,
    "applicationType": "microservice",
    "testFrameworks": [
      "gatling"
    ],
    "jhiPrefix": "jhi",
    "skipClient": true,
    "skipUserManagement": true,
    "nativeLanguage": "en",
    "languages": [
      "en",
      "pt-pt"
    ]
  }
}